[
  {
    "Id": 1,
    "CreatedDate": "22/6/2022",
    "TaskName": "Check Mails",
    "TaskDescription": "Recent Mails",
    "TaskStatus": "Incomplete"
  },
  {
    "Id": 2,
    "CreatedDate": "20/3/2022",
    "TaskName": "Drafts",
    "TaskDescription": "Draft Filtering",
    "TaskStatus": "Incomplete"
  },
  {
    "Id": 8,
    "CreatedDate": "28 march",
    "TaskName": "Join Meeting",
    "TaskDescription": "Yoga Day Meeting",
    "TaskStatus": "Incomplete"
  },
  {
    "Id": 6,
    "CreatedDate": "string",
    "TaskName": "string",
    "TaskDescription": "string",
    "TaskStatus": "string"
  },
  {
    "Id": 6,
    "CreatedDate": "string",
    "TaskName": "string",
    "TaskDescription": "string",
    "TaskStatus": "string"
  },
  {
    "Id": 9,
    "CreatedDate": "24/06/2022",
    "TaskName": "Go for lunch",
    "TaskDescription": "Lunch At canteen",
    "TaskStatus": "incomplte"
  },
  {
    "Id": 8,
    "CreatedDate": "23 march",
    "TaskName": "Join Meeting",
    "TaskDescription": "Yoga Day Meeting",
    "TaskStatus": "Incomplete"
  },
  {
    "Id": 8,
    "CreatedDate": "23 march",
    "TaskName": "Join Meeting",
    "TaskDescription": "Yoga Day Meeting",
    "TaskStatus": "Incomplete"
  }
]